{
  "ie": {
    "6": 0,
    "7": 0.00018881823538449536,
    "8": 0.0024173396307866873,
    "9": 0.0032110755461992884,
    "10": 0.001776290066209697,
    "11": 0.11689597087294562,
    "5.5": 0
  },
  "edge": {
    "12": 0.0023800422015749353,
    "13": 0.0023415792277003155,
    "14": 0.007782341713964664,
    "15": 0.007253184437022929,
    "16": 0.02879011871748407,
    "17": 0.10813107500818386,
    "18": 0.17232111622627222,
    "76": 0
  },
  "firefox": {
    "2": 0,
    "3": 0,
    "4": 0,
    "5": 0,
    "6": 0,
    "7": 0,
    "8": 0,
    "9": 0.00003729742921175217,
    "10": 0,
    "11": 0.00015035526150987592,
    "12": 0,
    "13": 0,
    "14": 0,
    "15": 0,
    "16": 0.00003729742921175217,
    "17": 0,
    "18": 0.00003729742921175217,
    "19": 0,
    "20": 0,
    "21": 0,
    "22": 0,
    "23": 0.00011305783229812377,
    "24": 0,
    "25": 0,
    "26": 0.00003729742921175217,
    "27": 0,
    "28": 0.00011305783229812377,
    "29": 0,
    "30": 0.0004918598477299818,
    "31": 0.00034033904155723855,
    "32": 0.00015035526150987592,
    "33": 0.00015035526150987592,
    "34": 0.00015152080617274319,
    "35": 0.00011305783229812377,
    "36": 0.00003729742921175217,
    "37": 0.00018881823538449536,
    "38": 0.0003776364707689907,
    "39": 0.00015152080617274319,
    "40": 0.0007925703707497337,
    "41": 0.00007576040308637159,
    "42": 0.0021154635631040683,
    "43": 0.0033998937815837836,
    "44": 0.0004149338999807429,
    "45": 0.00011305783229812377,
    "46": 0.0009067937477107246,
    "47": 0.004571266167765375,
    "48": 0.004079406320035394,
    "49": 0.0011702068415187243,
    "50": 0.0013228931923543348,
    "51": 0.001397488050777839,
    "52": 0.025048720349680184,
    "53": 0,
    "54": 0.001812421950758582,
    "55": 0.0004906943030671144,
    "56": 0.00302342285547766,
    "57": 0.0023042817984885635,
    "58": 0.0017005296631233257,
    "59": 0.00177512452154683,
    "60": 0.06249067709962789,
    "61": 0.0029103650231795362,
    "62": 0.0027203812431321737,
    "63": 0.09082623339859373,
    "64": 0.007027068772426682,
    "65": 0.0044966713093418705,
    "66": 0.03430547606217192,
    "67": 0.02176304994505739,
    "68": 0.36414062911765077,
    "69": 0.5976330258851852,
    "70": 0.1728129760740022,
    "71": 0.009255590167828873,
    "72": 0.00011305783229812377,
    "3.5": 0.00003729742921175217,
    "3.6": 0.00015035526150987592
  },
  "chrome": {
    "4": 0,
    "5": 0.00007576040308637159,
    "6": 0,
    "7": 0,
    "8": 0,
    "9": 0,
    "10": 0,
    "11": 0.00011305783229812377,
    "12": 0,
    "13": 0,
    "14": 0,
    "15": 0.00015035526150987592,
    "16": 0,
    "17": 0.00003729742921175217,
    "18": 0,
    "19": 0.00018881823538449536,
    "20": 0.00003729742921175217,
    "21": 0.00003729742921175217,
    "22": 0,
    "23": 0.00003729742921175217,
    "24": 0,
    "25": 0.0009067937477107246,
    "26": 0.00026341309380799966,
    "27": 0,
    "28": 0.0011702068415187243,
    "29": 0.00026224754914513243,
    "30": 0.00011305783229812377,
    "31": 0.0004533968738553623,
    "32": 0,
    "33": 0.0011713723861815916,
    "34": 0.00018881823538449536,
    "35": 0.00037647092610612344,
    "36": 0.0004906943030671144,
    "37": 0.00283227353076743,
    "38": 0.0004918598477299818,
    "39": 0.0003776364707689907,
    "40": 0.00011305783229812377,
    "41": 0.00015035526150987592,
    "42": 0,
    "43": 0.00026341309380799966,
    "44": 0.00015035526150987592,
    "45": 0.0009825541507970962,
    "46": 0.0012832646738168481,
    "47": 0.0013963225061149717,
    "48": 0.005930291244668594,
    "49": 0.10265184954804492,
    "50": 0.003324133378497412,
    "51": 0.0043812823877180124,
    "52": 0.0012844302184797153,
    "53": 0.0023042817984885635,
    "54": 0.0063090932601004525,
    "55": 0.011143772521673827,
    "56": 0.005213481277005233,
    "57": 0.07023339029505507,
    "58": 0.03921591572683167,
    "59": 0.0042320926708710035,
    "60": 0.015790799092525575,
    "61": 0.009144863424856485,
    "62": 0.005964092039891745,
    "63": 0.028180538858804498,
    "64": 0.019529866371003728,
    "65": 0.10265184954804492,
    "66": 0.014431774015622354,
    "67": 0.045448083039182886,
    "68": 0.02961998651744556,
    "69": 0.03668318717442112,
    "70": 0.040763759039119385,
    "71": 0.09275520981563905,
    "72": 0.08670719856002085,
    "73": 0.10488153648810995,
    "74": 0.14523152717191146,
    "75": 0.726802182058123,
    "76": 9.327775845434232,
    "77": 6.088294810256206,
    "78": 0.9194841980000232,
    "79": 0.01242936828481641,
    "80": 0.0004906943030671144,
    "81": 0
  },
  "safari": {
    "4": 0,
    "5": 0.00003729742921175217,
    "6": 0,
    "7": 0,
    "8": 0.00033917349689437126,
    "9": 0.00022611566459624754,
    "10": 0.0038159932262273933,
    "11": 0.0036260094461800308,
    "12": 0.034191252685210935,
    "13": 0.08753939744930808,
    "3.1": 0,
    "3.2": 0,
    "5.1": 0,
    "6.1": 0,
    "7.1": 0,
    "9.1": 0.0014359510246524584,
    "10.1": 0.006874382421591072,
    "11.1": 0.017226750117178034,
    "12.1": 0.17844139125098818,
    "TP": 0
  },
  "opera": {
    "9": 0,
    "11": 0.00003729742921175217,
    "12": 0,
    "15": 0,
    "16": 0,
    "17": 0,
    "18": 0,
    "19": 0,
    "20": 0,
    "21": 0,
    "22": 0,
    "23": 0,
    "24": 0,
    "25": 0,
    "26": 0,
    "27": 0,
    "28": 0,
    "29": 0,
    "30": 0,
    "31": 0,
    "32": 0,
    "33": 0.0004906943030671144,
    "34": 0.00015152080617274319,
    "35": 0.00011305783229812377,
    "36": 0.0015490088569505825,
    "37": 0.00003729742921175217,
    "38": 0,
    "39": 0.00003729742921175217,
    "40": 0.0004906943030671144,
    "41": 0.00026457863847086696,
    "42": 0,
    "43": 0,
    "44": 0,
    "45": 0,
    "46": 0.00003729742921175217,
    "47": 0,
    "48": 0.0006422151092398576,
    "49": 0.00018881823538449536,
    "50": 0,
    "51": 0,
    "52": 0.00003729742921175217,
    "53": 0,
    "54": 0.0004533968738553623,
    "55": 0,
    "56": 0.00007459485842350434,
    "57": 0.00007576040308637159,
    "58": 0.0004149338999807429,
    "60": 0.002644620840045802,
    "62": 0.032336871126589124,
    "9.5-9.6": 0,
    "10.0-10.1": 0,
    "10.5": 0,
    "10.6": 0,
    "11.1": 0,
    "11.5": 0,
    "11.6": 0,
    "12.1": 0.00003729742921175217
  },
  "ios_saf": {
    "8": 0.00018881823538449536,
    "3.2": 0,
    "4.0-4.1": 0,
    "4.2-4.3": 0.0003776364707689907,
    "5.0-5.1": 0.0003776364707689907,
    "6.0-6.1": 0.0003776364707689907,
    "7.0-7.1": 0.0005652891614906188,
    "8.1-8.4": 0.00022495011993338025,
    "9.0-9.2": 0.014395642131073468,
    "9.3": 0.039028263036110046,
    "10.0-10.2": 0.08326884180456245,
    "10.3": 0.1306831986900024,
    "11.0-11.2": 0.2521900642492509,
    "11.3-11.4": 0.45737953996837966,
    "12.0-12.1": 0.4321758021785382,
    "12.2-12.4": 3.731201017548464,
    "13.0-13.1": 1.1328441418058515
  },
  "op_mini": {
    "all": 0.004939578281231428
  },
  "android": {
    "3": 0,
    "4": 0.00003729742921175217,
    "76": 25.566441302389865,
    "2.1": 0,
    "2.2": 0,
    "2.3": 0.00011305783229812377,
    "4.1": 0.0004533968738553623,
    "4.2-4.3": 0.0009067937477107246,
    "4.4": 0.0006037521353652383,
    "4.4.3-4.4.4": 0
  },
  "bb": {
    "7": 0.00003729742921175217,
    "10": 0.00007459485842350434
  },
  "op_mob": {
    "10": 0.02585411171172146,
    "11": 0.02585411171172146,
    "12": 0.02585411171172146,
    "46": 0.02585411171172146,
    "11.1": 0.02585411171172146,
    "11.5": 0.02585411171172146,
    "12.1": 0.02585411171172146
  },
  "and_chr": {
    "76": 44.60814376778956
  },
  "and_ff": {
    "68": 0.11930748278041797
  },
  "ie_mob": {
    "10": 0,
    "11": 0
  },
  "and_uc": {
    "12.12": 0.6380960744012848
  },
  "samsung": {
    "4": 0,
    "5.0-5.4": 0,
    "6.2-6.4": 0,
    "7.2-7.4": 0,
    "8.2": 0,
    "9.2": 0,
    "10.1": 0
  },
  "and_qq": {
    "1.2": 0
  },
  "baidu": {
    "7.12": 0
  },